select * from not_exists_in_prd_db;

--테이블 초기화
delete users;
delete attachments;
delete board_write;
delete board11;
delete comments;

Insert into PC09_TEST.USERS (USERID,NAME,ALIAS,PASS,ADDR2,ZIPCD,BIRTH,PATH,FILENAME,ADDR1) values ('userTest','감자1','감자사랑','test123','뭐시기','123',to_date('19/01/31','RR/MM/DD'),null,null,'서울');
Insert into PC09_TEST.USERS (USERID,NAME,ALIAS,PASS,ADDR2,ZIPCD,BIRTH,PATH,FILENAME,ADDR1) values ('lyan','라이언','사자','ecd71870d1963316a97e3ac3408c9835ad8cf0f3c1bc703527c3265534f75ae','135-5','06322',to_date('19/06/12','RR/MM/DD'),'d:\upload\2019\06\890b3384-de5c-4e4e-99bb-a25c79064ecb.png','ryan2.png','서울 강남구 선릉로 7');
Insert into PC09_TEST.USERS (USERID,NAME,ALIAS,PASS,ADDR2,ZIPCD,BIRTH,PATH,FILENAME,ADDR1) values ('ryan1212','라이언2','사자2','ecd71870d1963316a97e3ac3408c9835ad8cf0f3c1bc703527c3265534f75ae','131313','34316',to_date('19/01/04','RR/MM/DD'),'d:\upload\2019\06\ace38383-63e6-4c15-8a88-8df375969740.png','ryan2.png','대전 대덕구 대청호수로 1500');
Insert into PC09_TEST.USERS (USERID,NAME,ALIAS,PASS,ADDR2,ZIPCD,BIRTH,PATH,FILENAME,ADDR1) values ('jamesjam','제임스는잼','잼잼','ecd71870d1963316a97e3ac3408c9835ad8cf0f3c1bc703527c3265534f75ae','1212','33615',to_date('19/01/06','RR/MM/DD'),'d:\upload\2019\06\4b476d86-d635-4d55-9c3c-4155aae7f50c.png','james.png','충남 서천군 판교면 금덕길 9');
Insert into PC09_TEST.USERS (USERID,NAME,ALIAS,PASS,ADDR2,ZIPCD,BIRTH,PATH,FILENAME,ADDR1) values ('moonmoo','문문','달달','ecd71870d1963316a97e3ac3408c9835ad8cf0f3c1bc703527c3265534f75ae','121212','34672',to_date('19/06/11','RR/MM/DD'),'d:\upload\2019\06\881a0d64-22b0-4980-a4e1-33fc997cdd22.png','moon.png','대전 동구 판교1길 4');
Insert into PC09_TEST.USERS (USERID,NAME,ALIAS,PASS,ADDR2,ZIPCD,BIRTH,PATH,FILENAME,ADDR1) values ('brown','?¸???¼??´','?³°','c6347b73d5b1f7c77f8be828ee3e871c819578f23779c7d5e082ae2b36a44','22','34672',to_date('19/06/10','RR/MM/DD'),'d:\upload\2019\06\4877e4b8-ccc8-4be3-a575-88e239288e9a.png','brown.png','?????? ?????? ??????2?¸¸ 7');
Insert into PC09_TEST.USERS (USERID,NAME,ALIAS,PASS,ADDR2,ZIPCD,BIRTH,PATH,FILENAME,ADDR1) values ('cony','코니','토끼','de1153428acef7fd7b999f1227d4882146bd7ea16b595b43bf5090d41d3637',null,null,to_date('19/06/11','RR/MM/DD'),'d:\upload\2019\06\fdb2128c-5d7c-4e1d-8909-e2eea9720e29.png','cony.png',null);
Insert into PC09_TEST.USERS (USERID,NAME,ALIAS,PASS,ADDR2,ZIPCD,BIRTH,PATH,FILENAME,ADDR1) values ('sally','샐리','오리','4aeaaaccd26ed685e4e3c563bcdb1f9d1dabd77f1b7b819625679936648d49c9','1212','13485',to_date('19/01/29','RR/MM/DD'),'d:\upload\2019\06\ff7d1715-e79d-4a12-9163-3e48ff0fa6c1.png','sally.png','경기 성남시 분당구 판교로 20');
Insert into PC09_TEST.USERS (USERID,NAME,ALIAS,PASS,ADDR2,ZIPCD,BIRTH,PATH,FILENAME,ADDR1) values ('moon','문','달','7a37a8623ff85b19476f7d052349e1d57e5bded313cccdea99b9601e1ace5d',null,null,null,null,null,null);
Insert into PC09_TEST.USERS (USERID,NAME,ALIAS,PASS,ADDR2,ZIPCD,BIRTH,PATH,FILENAME,ADDR1) values ('james','제임스','사람','6765c531920463d7bb44112f8f21abcea85913e3197978828fbd076d1d36f4d','45','06267',to_date('19/01/18','RR/MM/DD'),null,null,'서울 강남구 강남대로 240');

Insert into PC09_TEST.ATTACHMENTS (FILEID,WRITEID,FILEPATH,ORIGINALFILENAME) values (62,168,'d:\upload\2019\06\cf35210f-8385-450f-b44c-e39889ac0293.png','ryan2.png');
Insert into PC09_TEST.ATTACHMENTS (FILEID,WRITEID,FILEPATH,ORIGINALFILENAME) values (42,129,'d:\upload\2019\06\d795db92-e3cd-41d7-9da7-2aa739a14cbe.png','brown.png');
Insert into PC09_TEST.ATTACHMENTS (FILEID,WRITEID,FILEPATH,ORIGINALFILENAME) values (60,168,'d:\upload\2019\06\063aa4c5-b191-4280-ade7-31bd16b624de.png','sally.png');
Insert into PC09_TEST.ATTACHMENTS (FILEID,WRITEID,FILEPATH,ORIGINALFILENAME) values (61,168,'d:\upload\2019\06\7a6b7c59-ba9c-4b1e-ba4f-b60e2dd25e37.png','moon.png');
Insert into PC09_TEST.ATTACHMENTS (FILEID,WRITEID,FILEPATH,ORIGINALFILENAME) values (63,168,'d:\upload\2019\06\52cf1cb3-423a-45aa-bf97-c9c0b49c002f.png','cony.png');
Insert into PC09_TEST.ATTACHMENTS (FILEID,WRITEID,FILEPATH,ORIGINALFILENAME) values (64,168,'d:\upload\2019\06\1d2140fd-e82e-4b82-88da-e75e7151bcc2.png','brown.png');
Insert into PC09_TEST.ATTACHMENTS (FILEID,WRITEID,FILEPATH,ORIGINALFILENAME) values (7,87,'file경로1','원본파일명1');
Insert into PC09_TEST.ATTACHMENTS (FILEID,WRITEID,FILEPATH,ORIGINALFILENAME) values (21,130,'d:\upload\2019\06\3d888644-2413-4628-894a-e95be4033491.png','james.png');
Insert into PC09_TEST.ATTACHMENTS (FILEID,WRITEID,FILEPATH,ORIGINALFILENAME) values (6,2,'file경로','원본파일명');
Insert into PC09_TEST.ATTACHMENTS (FILEID,WRITEID,FILEPATH,ORIGINALFILENAME) values (54,165,'d:\upload\2019\06\9abd75c6-95fd-4b25-809f-175c05e5cf44.png','ryan2.png');
Insert into PC09_TEST.ATTACHMENTS (FILEID,WRITEID,FILEPATH,ORIGINALFILENAME) values (53,165,'d:\upload\2019\06\bc7f6871-57c8-406b-b43b-19df8ce19cba.png','james.png');
Insert into PC09_TEST.ATTACHMENTS (FILEID,WRITEID,FILEPATH,ORIGINALFILENAME) values (55,165,'d:\upload\2019\06\e9330426-cc44-4058-8fe2-1507d59f4673.png','sally.png');
Insert into PC09_TEST.ATTACHMENTS (FILEID,WRITEID,FILEPATH,ORIGINALFILENAME) values (56,165,'d:\upload\2019\06\594b9197-831c-4e03-809a-a36bf8b29b9c.png','brown.png');
Insert into PC09_TEST.ATTACHMENTS (FILEID,WRITEID,FILEPATH,ORIGINALFILENAME) values (57,165,'d:\upload\2019\06\b732477b-e347-4648-a8db-d5408a669f9d.png','ryan2.png');
Insert into PC09_TEST.ATTACHMENTS (FILEID,WRITEID,FILEPATH,ORIGINALFILENAME) values (58,167,'d:\upload\2019\06\417244ac-a3b2-4741-b044-aa0ad37a875f.png','sally.png');
Insert into PC09_TEST.ATTACHMENTS (FILEID,WRITEID,FILEPATH,ORIGINALFILENAME) values (59,167,'d:\upload\2019\06\967505bd-3e40-41ba-a246-d1a9ecee9350.png','ryan2.png');
Insert into PC09_TEST.ATTACHMENTS (FILEID,WRITEID,FILEPATH,ORIGINALFILENAME) values (82,87,'file경로1','원본파일명1');
Insert into PC09_TEST.ATTACHMENTS (FILEID,WRITEID,FILEPATH,ORIGINALFILENAME) values (3,2,'file경로','원본파일명');
Insert into PC09_TEST.ATTACHMENTS (FILEID,WRITEID,FILEPATH,ORIGINALFILENAME) values (81,3,'file경로1','원본파일명1');
Insert into PC09_TEST.ATTACHMENTS (FILEID,WRITEID,FILEPATH,ORIGINALFILENAME) values (22,98,'d:\upload\2019\06\374195a3-ff0d-497d-9428-3c3bbf957eeb.png','moon.png');
Insert into PC09_TEST.ATTACHMENTS (FILEID,WRITEID,FILEPATH,ORIGINALFILENAME) values (23,98,'d:\upload\2019\06\e578852c-cd95-4645-9b43-45169835f454.png','cony.png');
Insert into PC09_TEST.ATTACHMENTS (FILEID,WRITEID,FILEPATH,ORIGINALFILENAME) values (24,127,'d:\upload\2019\06\73214422-1155-4650-82cf-4f9f791acc07.png','sally.png');
Insert into PC09_TEST.ATTACHMENTS (FILEID,WRITEID,FILEPATH,ORIGINALFILENAME) values (25,127,'d:\upload\2019\06\8ed25dab-a38a-4b91-94a7-19acf904e188.png','ryan2.png');
Insert into PC09_TEST.ATTACHMENTS (FILEID,WRITEID,FILEPATH,ORIGINALFILENAME) values (26,98,'d:\upload\2019\06\5178c0a2-c33c-47c6-9909-1ac622b86ac8.png','moon.png');
Insert into PC09_TEST.ATTACHMENTS (FILEID,WRITEID,FILEPATH,ORIGINALFILENAME) values (27,98,'d:\upload\2019\06\55deff11-9508-4b7a-bce6-eb160243abda.png','james.png');
Insert into PC09_TEST.ATTACHMENTS (FILEID,WRITEID,FILEPATH,ORIGINALFILENAME) values (49,133,'d:\upload\2019\06\95feaf2d-69cf-4401-ab91-f419cb9d239f.png','cony.png');
Insert into PC09_TEST.ATTACHMENTS (FILEID,WRITEID,FILEPATH,ORIGINALFILENAME) values (29,129,'d:\upload\2019\06\e58d9d97-22ed-47f8-8eee-940eb9a9b5a9.png','cony.png');
Insert into PC09_TEST.ATTACHMENTS (FILEID,WRITEID,FILEPATH,ORIGINALFILENAME) values (30,129,'d:\upload\2019\06\ae948850-6792-47fa-8453-3c0c7b364126.png','james.png');
Insert into PC09_TEST.ATTACHMENTS (FILEID,WRITEID,FILEPATH,ORIGINALFILENAME) values (31,129,'d:\upload\2019\06\5cb491e2-5443-450c-903c-c0ec54bf6f9c.png','moon.png');
Insert into PC09_TEST.ATTACHMENTS (FILEID,WRITEID,FILEPATH,ORIGINALFILENAME) values (44,164,'d:\upload\2019\06\7a654d08-e6b1-4ef2-a1fd-a9b473a23708.png','moon.png');
Insert into PC09_TEST.ATTACHMENTS (FILEID,WRITEID,FILEPATH,ORIGINALFILENAME) values (33,163,'d:\upload\2019\06\c5fa4eab-adda-4235-8fe5-179b3313b26b.png','cony.png');
Insert into PC09_TEST.ATTACHMENTS (FILEID,WRITEID,FILEPATH,ORIGINALFILENAME) values (34,163,'d:\upload\2019\06\491e0d56-d630-4925-96cf-6b5d2877acf3.png','james.png');
Insert into PC09_TEST.ATTACHMENTS (FILEID,WRITEID,FILEPATH,ORIGINALFILENAME) values (35,163,'d:\upload\2019\06\8da7d23d-1687-45a4-b5e4-1449d5530eaa.png','moon.png');
Insert into PC09_TEST.ATTACHMENTS (FILEID,WRITEID,FILEPATH,ORIGINALFILENAME) values (39,163,'d:\upload\2019\06\263ef74e-00db-4a1c-8198-76dde386cde7.png','james.png');
Insert into PC09_TEST.ATTACHMENTS (FILEID,WRITEID,FILEPATH,ORIGINALFILENAME) values (41,129,'d:\upload\2019\06\6e20bed3-5012-4121-9b15-a6f8e57e6b29.png','cony.png');
Insert into PC09_TEST.ATTACHMENTS (FILEID,WRITEID,FILEPATH,ORIGINALFILENAME) values (38,163,'d:\upload\2019\06\2e11d2b1-99eb-4539-beb4-0acfd6d67d5d.png','sally.png');
Insert into PC09_TEST.ATTACHMENTS (FILEID,WRITEID,FILEPATH,ORIGINALFILENAME) values (43,164,'d:\upload\2019\06\e78202b5-3770-4ad2-bf50-384b56d574b4.png','sally.png');
Insert into PC09_TEST.ATTACHMENTS (FILEID,WRITEID,FILEPATH,ORIGINALFILENAME) values (45,164,'d:\upload\2019\06\76930b1e-3c8b-48e2-8304-0316ff04adff.png','james.png');
Insert into PC09_TEST.ATTACHMENTS (FILEID,WRITEID,FILEPATH,ORIGINALFILENAME) values (46,164,'d:\upload\2019\06\af17b466-5a19-4a64-848c-f57cc03612ae.png','brown.png');
Insert into PC09_TEST.ATTACHMENTS (FILEID,WRITEID,FILEPATH,ORIGINALFILENAME) values (47,164,'d:\upload\2019\06\5069e20b-0314-4d2c-af6b-de777f9df879.png','cony.png');
Insert into PC09_TEST.ATTACHMENTS (FILEID,WRITEID,FILEPATH,ORIGINALFILENAME) values (48,133,'d:\upload\2019\06\7bcacbbc-5615-4e0c-8efc-682a56c8e9a1.png','brown.png');
Insert into PC09_TEST.ATTACHMENTS (FILEID,WRITEID,FILEPATH,ORIGINALFILENAME) values (50,133,'d:\upload\2019\06\970364ed-852e-4375-ad2a-e856da37c48b.png','james.png');
Insert into PC09_TEST.ATTACHMENTS (FILEID,WRITEID,FILEPATH,ORIGINALFILENAME) values (51,133,'d:\upload\2019\06\929fe1c5-07c8-405b-a82d-4dbbbc221c72.png','ryan2.png');
Insert into PC09_TEST.ATTACHMENTS (FILEID,WRITEID,FILEPATH,ORIGINALFILENAME) values (52,133,'d:\upload\2019\06\153e2750-d31f-4575-ab3d-6438d4525e99.png','sally.png');

Insert into PC09_TEST.BOARD_WRITE (WRITEID,BOARDID,USERID,PARENTID,TITLE,WRITECONTENT,WRITEDATE,WRITEUSEYN,GROUPSEQ) values (2,1,'brown',2,'안녕하세요a','반갑다구리리리a',to_date('19/06/12','RR/MM/DD'),'미사용',null);
Insert into PC09_TEST.BOARD_WRITE (WRITEID,BOARDID,USERID,PARENTID,TITLE,WRITECONTENT,WRITEDATE,WRITEUSEYN,GROUPSEQ) values (3,1,'brown',2,'안녕하세요','반갑다구리리리',to_date('19/06/07','RR/MM/DD'),'미사용',null);
Insert into PC09_TEST.BOARD_WRITE (WRITEID,BOARDID,USERID,PARENTID,TITLE,WRITECONTENT,WRITEDATE,WRITEUSEYN,GROUPSEQ) values (83,1,'brown',null,'ㅁㅇㄴㄻㄴㅇ','<p>ㅁㄴㅇㄻㄴㅇㄹ55</p>',to_date('19/06/11','RR/MM/DD'),'사용',1);
Insert into PC09_TEST.BOARD_WRITE (WRITEID,BOARDID,USERID,PARENTID,TITLE,WRITECONTENT,WRITEDATE,WRITEUSEYN,GROUPSEQ) values (84,1,'brown',null,'틜리리ㅇㅇㅇ',null,to_date('19/06/10','RR/MM/DD'),'사용',null);
Insert into PC09_TEST.BOARD_WRITE (WRITEID,BOARDID,USERID,PARENTID,TITLE,WRITECONTENT,WRITEDATE,WRITEUSEYN,GROUPSEQ) values (85,1,'brown',null,'구리구리',null,to_date('19/06/10','RR/MM/DD'),'사용',null);
Insert into PC09_TEST.BOARD_WRITE (WRITEID,BOARDID,USERID,PARENTID,TITLE,WRITECONTENT,WRITEDATE,WRITEUSEYN,GROUPSEQ) values (86,1,'brown',null,'냐옹이','<p>냐옹냐옹</p>',to_date('19/06/10','RR/MM/DD'),'사용',null);
Insert into PC09_TEST.BOARD_WRITE (WRITEID,BOARDID,USERID,PARENTID,TITLE,WRITECONTENT,WRITEDATE,WRITEUSEYN,GROUPSEQ) values (87,1,'brown',null,'멍멍이좋다요!','<p>멍멍이빨래!</p>',to_date('19/06/12','RR/MM/DD'),'사용',1);
Insert into PC09_TEST.BOARD_WRITE (WRITEID,BOARDID,USERID,PARENTID,TITLE,WRITECONTENT,WRITEDATE,WRITEUSEYN,GROUPSEQ) values (88,1,'brown',null,'누구여누구','<p>나여나</p>',to_date('19/06/10','RR/MM/DD'),'사용',null);
Insert into PC09_TEST.BOARD_WRITE (WRITEID,BOARDID,USERID,PARENTID,TITLE,WRITECONTENT,WRITEDATE,WRITEUSEYN,GROUPSEQ) values (89,1,'brown',null,'되어라','<p>알겠다</p>',to_date('19/06/10','RR/MM/DD'),'사용',null);
Insert into PC09_TEST.BOARD_WRITE (WRITEID,BOARDID,USERID,PARENTID,TITLE,WRITECONTENT,WRITEDATE,WRITEUSEYN,GROUPSEQ) values (90,1,'brown',null,'게시?ㄴㄴ','<p>ㅁㄴㅇㄹㅇㅁㄴ</p>',to_date('19/06/10','RR/MM/DD'),'사용',null);
Insert into PC09_TEST.BOARD_WRITE (WRITEID,BOARDID,USERID,PARENTID,TITLE,WRITECONTENT,WRITEDATE,WRITEUSEYN,GROUPSEQ) values (91,1,'brown',null,'youyou','<p>너너너</p>',to_date('19/06/10','RR/MM/DD'),'사용',null);
Insert into PC09_TEST.BOARD_WRITE (WRITEID,BOARDID,USERID,PARENTID,TITLE,WRITECONTENT,WRITEDATE,WRITEUSEYN,GROUPSEQ) values (92,1,'brown',null,'냐옹이답글','<p>냐옹이 답글이에요</p>',to_date('19/06/10','RR/MM/DD'),'사용',null);
Insert into PC09_TEST.BOARD_WRITE (WRITEID,BOARDID,USERID,PARENTID,TITLE,WRITECONTENT,WRITEDATE,WRITEUSEYN,GROUPSEQ) values (93,1,'brown',87,'멍멍이 답글','<p>멍멍이 답글입니다</p>',to_date('19/06/10','RR/MM/DD'),'사용',1);
Insert into PC09_TEST.BOARD_WRITE (WRITEID,BOARDID,USERID,PARENTID,TITLE,WRITECONTENT,WRITEDATE,WRITEUSEYN,GROUPSEQ) values (94,1,'brown',85,'구리구리 답글','<p>구리구리 답글잉에요</p>',to_date('19/06/10','RR/MM/DD'),'사용',null);
Insert into PC09_TEST.BOARD_WRITE (WRITEID,BOARDID,USERID,PARENTID,TITLE,WRITECONTENT,WRITEDATE,WRITEUSEYN,GROUPSEQ) values (95,1,'brown',43,'세번째 글 답글','<p>세번째의 답글이여</p>',to_date('19/06/10','RR/MM/DD'),'사용',2);
Insert into PC09_TEST.BOARD_WRITE (WRITEID,BOARDID,USERID,PARENTID,TITLE,WRITECONTENT,WRITEDATE,WRITEUSEYN,GROUPSEQ) values (99,2,'brown',null,'댕구리리','<p>댕구리입니다람쥐</p>',to_date('19/06/10','RR/MM/DD'),'사용',0);
Insert into PC09_TEST.BOARD_WRITE (WRITEID,BOARDID,USERID,PARENTID,TITLE,WRITECONTENT,WRITEDATE,WRITEUSEYN,GROUPSEQ) values (100,2,'brown',null,'댕구리답글','<p>댕구리답글입니다</p>',to_date('19/06/10','RR/MM/DD'),'사용',0);
Insert into PC09_TEST.BOARD_WRITE (WRITEID,BOARDID,USERID,PARENTID,TITLE,WRITECONTENT,WRITEDATE,WRITEUSEYN,GROUPSEQ) values (101,2,'brown',null,'구리구리답글이지','<p>답글마자?</p>',to_date('19/06/10','RR/MM/DD'),'사용',4);
Insert into PC09_TEST.BOARD_WRITE (WRITEID,BOARDID,USERID,PARENTID,TITLE,WRITECONTENT,WRITEDATE,WRITEUSEYN,GROUPSEQ) values (102,2,'brown',101,'구리답글?','<p>레알?</p>',to_date('19/06/10','RR/MM/DD'),'사용',3);
Insert into PC09_TEST.BOARD_WRITE (WRITEID,BOARDID,USERID,PARENTID,TITLE,WRITECONTENT,WRITEDATE,WRITEUSEYN,GROUPSEQ) values (103,2,'brown',101,'틜리리ㅇㅇ','<p>ltlt</p>',to_date('19/06/10','RR/MM/DD'),'사용',5);
Insert into PC09_TEST.BOARD_WRITE (WRITEID,BOARDID,USERID,PARENTID,TITLE,WRITECONTENT,WRITEDATE,WRITEUSEYN,GROUPSEQ) values (104,2,'brown',103,'당근','<p>당근이쥐 ㅋㅋㅋ</p>',to_date('19/06/10','RR/MM/DD'),'사용',5);
Insert into PC09_TEST.BOARD_WRITE (WRITEID,BOARDID,USERID,PARENTID,TITLE,WRITECONTENT,WRITEDATE,WRITEUSEYN,GROUPSEQ) values (105,2,'brown',64,'세번째글의 답글','세번째으 ㅣ답글',to_date('19/06/10','RR/MM/DD'),'사용',6);
Insert into PC09_TEST.BOARD_WRITE (WRITEID,BOARDID,USERID,PARENTID,TITLE,WRITECONTENT,WRITEDATE,WRITEUSEYN,GROUPSEQ) values (106,41,'brown',null,'구리구리ㅁ','<p>댕구루룰ㅁ</p>',to_date('19/06/10','RR/MM/DD'),'사용',7);
Insert into PC09_TEST.BOARD_WRITE (WRITEID,BOARDID,USERID,PARENTID,TITLE,WRITECONTENT,WRITEDATE,WRITEUSEYN,GROUPSEQ) values (107,41,'brown',106,'구리구리답글','<p>구리구리댕구루루</p>',to_date('19/06/10','RR/MM/DD'),'미사용',7);
Insert into PC09_TEST.BOARD_WRITE (WRITEID,BOARDID,USERID,PARENTID,TITLE,WRITECONTENT,WRITEDATE,WRITEUSEYN,GROUPSEQ) values (123,2,'brown',79,'구리구리','<p>구기기기</p>',to_date('19/06/11','RR/MM/DD'),'사용',22);
Insert into PC09_TEST.BOARD_WRITE (WRITEID,BOARDID,USERID,PARENTID,TITLE,WRITECONTENT,WRITEDATE,WRITEUSEYN,GROUPSEQ) values (124,2,'brown',null,'빨리..','<p>아오 짜증</p>',to_date('19/06/11','RR/MM/DD'),'사용',0);
Insert into PC09_TEST.BOARD_WRITE (WRITEID,BOARDID,USERID,PARENTID,TITLE,WRITECONTENT,WRITEDATE,WRITEUSEYN,GROUPSEQ) values (126,1,'brown',null,'ㅁ','<p>ㅁㄴㅇㄹ</p>',to_date('19/06/11','RR/MM/DD'),'미사용',0);
Insert into PC09_TEST.BOARD_WRITE (WRITEID,BOARDID,USERID,PARENTID,TITLE,WRITECONTENT,WRITEDATE,WRITEUSEYN,GROUPSEQ) values (128,1,'brown',null,'빨리ㅁㅁ','<p>아오ㅁㅁ</p>',to_date('19/06/11','RR/MM/DD'),'사용',23);
Insert into PC09_TEST.BOARD_WRITE (WRITEID,BOARDID,USERID,PARENTID,TITLE,WRITECONTENT,WRITEDATE,WRITEUSEYN,GROUPSEQ) values (129,1,'brown',null,'ㅁㄴㅇㄹ','<p>ㅁㄴㅇㄻㄴㄹ</p>',to_date('19/06/12','RR/MM/DD'),'사용',0);
Insert into PC09_TEST.BOARD_WRITE (WRITEID,BOARDID,USERID,PARENTID,TITLE,WRITECONTENT,WRITEDATE,WRITEUSEYN,GROUPSEQ) values (130,1,'brown',null,'ㅁㄴㅇㄹ','<p><img src="/boardGJ/upload/703d7d09-84db-44a2-9fa1-598efb258742.gif
" title="%EC%88%98%EB%B9%881.gif"><br style="clear:both;">ㄴㅇㄻㄴㅇㄹ</p>',to_date('19/06/12','RR/MM/DD'),'사용',0);
Insert into PC09_TEST.BOARD_WRITE (WRITEID,BOARDID,USERID,PARENTID,TITLE,WRITECONTENT,WRITEDATE,WRITEUSEYN,GROUPSEQ) values (131,1,'brown',null,'ㅁㄴㅇㄹ','<p>ㅁㄴㅇㄻㄴㅇ</p>',to_date('19/06/11','RR/MM/DD'),'사용',0);
Insert into PC09_TEST.BOARD_WRITE (WRITEID,BOARDID,USERID,PARENTID,TITLE,WRITECONTENT,WRITEDATE,WRITEUSEYN,GROUPSEQ) values (132,1,'brown',null,'ㄹㄶㅇ','<p>ㄴㅀㅇ</p>',to_date('19/06/11','RR/MM/DD'),'사용',0);
Insert into PC09_TEST.BOARD_WRITE (WRITEID,BOARDID,USERID,PARENTID,TITLE,WRITECONTENT,WRITEDATE,WRITEUSEYN,GROUPSEQ) values (133,1,'brown',null,'이제 되는가','<p><img src="/boardGJ/upload/d3f5b2f2-aea5-4ce1-af26-d4b30444d58d.gif
" title="%EC%88%98%EB%B9%883.gif"><br style="clear:both;">ㄴㅇㅀㄴㅇㅎ</p>',to_date('19/06/12','RR/MM/DD'),'사용',0);
Insert into PC09_TEST.BOARD_WRITE (WRITEID,BOARDID,USERID,PARENTID,TITLE,WRITECONTENT,WRITEDATE,WRITEUSEYN,GROUPSEQ) values (135,1,'brown',null,'sdfg','<p>sdfgsd</p>',to_date('19/06/11','RR/MM/DD'),'사용',0);
Insert into PC09_TEST.BOARD_WRITE (WRITEID,BOARDID,USERID,PARENTID,TITLE,WRITECONTENT,WRITEDATE,WRITEUSEYN,GROUPSEQ) values (137,1,'brown',null,'gfsd','<p>fdgs</p>',to_date('19/06/11','RR/MM/DD'),'사용',0);
Insert into PC09_TEST.BOARD_WRITE (WRITEID,BOARDID,USERID,PARENTID,TITLE,WRITECONTENT,WRITEDATE,WRITEUSEYN,GROUPSEQ) values (139,1,'brown',null,'gsfd','<p>sfdgsdf</p>',to_date('19/06/11','RR/MM/DD'),'사용',0);
Insert into PC09_TEST.BOARD_WRITE (WRITEID,BOARDID,USERID,PARENTID,TITLE,WRITECONTENT,WRITEDATE,WRITEUSEYN,GROUPSEQ) values (140,1,'brown',null,'되는가요','되나요',to_date('19/06/11','RR/MM/DD'),'사용',0);
Insert into PC09_TEST.BOARD_WRITE (WRITEID,BOARDID,USERID,PARENTID,TITLE,WRITECONTENT,WRITEDATE,WRITEUSEYN,GROUPSEQ) values (141,1,'brown',null,'새글인가','<p>새글되었나</p>',to_date('19/06/11','RR/MM/DD'),'사용',0);
Insert into PC09_TEST.BOARD_WRITE (WRITEID,BOARDID,USERID,PARENTID,TITLE,WRITECONTENT,WRITEDATE,WRITEUSEYN,GROUPSEQ) values (142,1,'brown',128,'빨리 답글','<p>빨리 답글이다</p>',to_date('19/06/11','RR/MM/DD'),'사용',23);
Insert into PC09_TEST.BOARD_WRITE (WRITEID,BOARDID,USERID,PARENTID,TITLE,WRITECONTENT,WRITEDATE,WRITEUSEYN,GROUPSEQ) values (168,574,'brown',167,'첫번째 글의 답글','<p>첫번째 글의 답글입니다<img src="/boardGJ/upload/1c2c9957-030a-4e6d-a619-36edacc44ea0.gif
" title="%EC%88%98%EB%B9%884.gif">&nbsp;</p>',to_date('19/06/12','RR/MM/DD'),'사용',42);
Insert into PC09_TEST.BOARD_WRITE (WRITEID,BOARDID,USERID,PARENTID,TITLE,WRITECONTENT,WRITEDATE,WRITEUSEYN,GROUPSEQ) values (181,1,'brown',null,'제목이다','내용이다',to_date('19/06/18','RR/MM/DD'),'사용',0);
Insert into PC09_TEST.BOARD_WRITE (WRITEID,BOARDID,USERID,PARENTID,TITLE,WRITECONTENT,WRITEDATE,WRITEUSEYN,GROUPSEQ) values (21,1,'brown',3,'게시?ㄴㄴ','?????????',to_date('19/06/08','RR/MM/DD'),'사용',null);
Insert into PC09_TEST.BOARD_WRITE (WRITEID,BOARDID,USERID,PARENTID,TITLE,WRITECONTENT,WRITEDATE,WRITEUSEYN,GROUPSEQ) values (125,2,'brown',null,'빨리..','<p>아오 짜증</p>',to_date('19/06/11','RR/MM/DD'),'사용',0);
Insert into PC09_TEST.BOARD_WRITE (WRITEID,BOARDID,USERID,PARENTID,TITLE,WRITECONTENT,WRITEDATE,WRITEUSEYN,GROUPSEQ) values (127,1,'brown',null,'ㅁ','<p>ㅁㄴㅇㄹ</p>',to_date('19/06/12','RR/MM/DD'),'사용',0);
Insert into PC09_TEST.BOARD_WRITE (WRITEID,BOARDID,USERID,PARENTID,TITLE,WRITECONTENT,WRITEDATE,WRITEUSEYN,GROUPSEQ) values (134,1,'brown',null,'123','<p>123</p>',to_date('19/06/11','RR/MM/DD'),'사용',0);
Insert into PC09_TEST.BOARD_WRITE (WRITEID,BOARDID,USERID,PARENTID,TITLE,WRITECONTENT,WRITEDATE,WRITEUSEYN,GROUPSEQ) values (138,1,'brown',null,'sdfg','<p>sdfg</p>',to_date('19/06/11','RR/MM/DD'),'사용',0);
Insert into PC09_TEST.BOARD_WRITE (WRITEID,BOARDID,USERID,PARENTID,TITLE,WRITECONTENT,WRITEDATE,WRITEUSEYN,GROUPSEQ) values (165,1,'brown',null,'생성하시죠','<p>생성하라</p>',to_date('19/06/12','RR/MM/DD'),'사용',41);
Insert into PC09_TEST.BOARD_WRITE (WRITEID,BOARDID,USERID,PARENTID,TITLE,WRITECONTENT,WRITEDATE,WRITEUSEYN,GROUPSEQ) values (166,1,'brown',165,'생성하시죠 답글','<p>생성하시죠의 답글</p>',to_date('19/06/12','RR/MM/DD'),'사용',41);
Insert into PC09_TEST.BOARD_WRITE (WRITEID,BOARDID,USERID,PARENTID,TITLE,WRITECONTENT,WRITEDATE,WRITEUSEYN,GROUPSEQ) values (167,574,'brown',null,'첫번째 글','<p>첫번째 글입니다</p>',to_date('19/06/12','RR/MM/DD'),'사용',42);
Insert into PC09_TEST.BOARD_WRITE (WRITEID,BOARDID,USERID,PARENTID,TITLE,WRITECONTENT,WRITEDATE,WRITEUSEYN,GROUPSEQ) values (170,580,'brown',null,'글이빈다','<p>글입니다요<img src="/boardGJ/upload/c2791a15-ec42-49c7-82a0-e0367923a73e.gif
" title="%EC%88%98%EB%B9%882.gif">&nbsp;</p>',to_date('19/06/12','RR/MM/DD'),'미사용',43);
Insert into PC09_TEST.BOARD_WRITE (WRITEID,BOARDID,USERID,PARENTID,TITLE,WRITECONTENT,WRITEDATE,WRITEUSEYN,GROUPSEQ) values (171,580,'brown',170,'답글입니다','<p>답글이에요</p>',to_date('19/06/12','RR/MM/DD'),'사용',43);
Insert into PC09_TEST.BOARD_WRITE (WRITEID,BOARDID,USERID,PARENTID,TITLE,WRITECONTENT,WRITEDATE,WRITEUSEYN,GROUPSEQ) values (41,1,'brown',null,'첫번째 글','첫번째 글입니다',to_date('19/06/10','RR/MM/DD'),'사용',null);
Insert into PC09_TEST.BOARD_WRITE (WRITEID,BOARDID,USERID,PARENTID,TITLE,WRITECONTENT,WRITEDATE,WRITEUSEYN,GROUPSEQ) values (42,1,'brown',null,'두번째 글','두번째 글입니다',to_date('19/06/10','RR/MM/DD'),'미사용',null);
Insert into PC09_TEST.BOARD_WRITE (WRITEID,BOARDID,USERID,PARENTID,TITLE,WRITECONTENT,WRITEDATE,WRITEUSEYN,GROUPSEQ) values (43,1,'brown',null,'세번째 글ㅇㅇ','세번째 글입니다ㅇㅇ',to_date('19/06/10','RR/MM/DD'),'사용',2);
Insert into PC09_TEST.BOARD_WRITE (WRITEID,BOARDID,USERID,PARENTID,TITLE,WRITECONTENT,WRITEDATE,WRITEUSEYN,GROUPSEQ) values (44,1,'brown',null,'네번째 글','네번째 글입니다',to_date('19/06/10','RR/MM/DD'),'미사용',null);
Insert into PC09_TEST.BOARD_WRITE (WRITEID,BOARDID,USERID,PARENTID,TITLE,WRITECONTENT,WRITEDATE,WRITEUSEYN,GROUPSEQ) values (45,1,'brown',null,'다섯번째 글','다섯번째 글입니다',to_date('19/06/10','RR/MM/DD'),'사용',null);
Insert into PC09_TEST.BOARD_WRITE (WRITEID,BOARDID,USERID,PARENTID,TITLE,WRITECONTENT,WRITEDATE,WRITEUSEYN,GROUPSEQ) values (46,1,'brown',null,'여섯번째 글','여섯번째 글입니다',to_date('19/06/10','RR/MM/DD'),'사용',null);
Insert into PC09_TEST.BOARD_WRITE (WRITEID,BOARDID,USERID,PARENTID,TITLE,WRITECONTENT,WRITEDATE,WRITEUSEYN,GROUPSEQ) values (47,1,'brown',null,'일곱번째 글','일곱번째 글입니다',to_date('19/06/10','RR/MM/DD'),'사용',null);
Insert into PC09_TEST.BOARD_WRITE (WRITEID,BOARDID,USERID,PARENTID,TITLE,WRITECONTENT,WRITEDATE,WRITEUSEYN,GROUPSEQ) values (48,1,'brown',null,'여덟번째 글','여덟번째 글입니다',to_date('19/06/10','RR/MM/DD'),'사용',null);
Insert into PC09_TEST.BOARD_WRITE (WRITEID,BOARDID,USERID,PARENTID,TITLE,WRITECONTENT,WRITEDATE,WRITEUSEYN,GROUPSEQ) values (49,1,'brown',null,'아홉번째 글','아홉번째 글입니다',to_date('19/06/10','RR/MM/DD'),'미사용',null);
Insert into PC09_TEST.BOARD_WRITE (WRITEID,BOARDID,USERID,PARENTID,TITLE,WRITECONTENT,WRITEDATE,WRITEUSEYN,GROUPSEQ) values (50,1,'brown',null,'열번째 글','열번째 글입니다',to_date('19/06/10','RR/MM/DD'),'사용',null);
Insert into PC09_TEST.BOARD_WRITE (WRITEID,BOARDID,USERID,PARENTID,TITLE,WRITECONTENT,WRITEDATE,WRITEUSEYN,GROUPSEQ) values (51,1,'brown',null,'열한번째 글','열한번째 글입니다',to_date('19/06/10','RR/MM/DD'),'사용',null);
Insert into PC09_TEST.BOARD_WRITE (WRITEID,BOARDID,USERID,PARENTID,TITLE,WRITECONTENT,WRITEDATE,WRITEUSEYN,GROUPSEQ) values (52,1,'brown',null,'열두번째 글','열두번째 글입니다',to_date('19/06/10','RR/MM/DD'),'사용',null);
Insert into PC09_TEST.BOARD_WRITE (WRITEID,BOARDID,USERID,PARENTID,TITLE,WRITECONTENT,WRITEDATE,WRITEUSEYN,GROUPSEQ) values (53,1,'brown',null,'열세번째 글','열세번째 글입니다',to_date('19/06/10','RR/MM/DD'),'미사용',null);
Insert into PC09_TEST.BOARD_WRITE (WRITEID,BOARDID,USERID,PARENTID,TITLE,WRITECONTENT,WRITEDATE,WRITEUSEYN,GROUPSEQ) values (54,1,'brown',null,'열네번째 글','열네번째 글입니다',to_date('19/06/10','RR/MM/DD'),'미사용',null);
Insert into PC09_TEST.BOARD_WRITE (WRITEID,BOARDID,USERID,PARENTID,TITLE,WRITECONTENT,WRITEDATE,WRITEUSEYN,GROUPSEQ) values (55,1,'brown',null,'열다섯번째 글','열다섯번째 글입니다',to_date('19/06/10','RR/MM/DD'),'미사용',null);
Insert into PC09_TEST.BOARD_WRITE (WRITEID,BOARDID,USERID,PARENTID,TITLE,WRITECONTENT,WRITEDATE,WRITEUSEYN,GROUPSEQ) values (56,1,'brown',null,'열여섯번째 글','열여섯번째 글입니다',to_date('19/06/10','RR/MM/DD'),'미사용',null);
Insert into PC09_TEST.BOARD_WRITE (WRITEID,BOARDID,USERID,PARENTID,TITLE,WRITECONTENT,WRITEDATE,WRITEUSEYN,GROUPSEQ) values (57,1,'brown',null,'열일곱번째 글','열일곱번째 글입니다',to_date('19/06/10','RR/MM/DD'),'미사용',null);
Insert into PC09_TEST.BOARD_WRITE (WRITEID,BOARDID,USERID,PARENTID,TITLE,WRITECONTENT,WRITEDATE,WRITEUSEYN,GROUPSEQ) values (58,1,'brown',null,'열여덟번째 글','열여덟번째 글입니다',to_date('19/06/10','RR/MM/DD'),'사용',null);
Insert into PC09_TEST.BOARD_WRITE (WRITEID,BOARDID,USERID,PARENTID,TITLE,WRITECONTENT,WRITEDATE,WRITEUSEYN,GROUPSEQ) values (59,1,'brown',null,'열아홉번째 글','열아홉번째 글입니다',to_date('19/06/10','RR/MM/DD'),'사용',null);
Insert into PC09_TEST.BOARD_WRITE (WRITEID,BOARDID,USERID,PARENTID,TITLE,WRITECONTENT,WRITEDATE,WRITEUSEYN,GROUPSEQ) values (60,1,'brown',null,'스무번째 글','스무번째 글입니다',to_date('19/06/10','RR/MM/DD'),'사용',null);
Insert into PC09_TEST.BOARD_WRITE (WRITEID,BOARDID,USERID,PARENTID,TITLE,WRITECONTENT,WRITEDATE,WRITEUSEYN,GROUPSEQ) values (61,1,'brown',null,'스물한번째 글','스물한번째 글입니다',to_date('19/06/10','RR/MM/DD'),'사용',null);
Insert into PC09_TEST.BOARD_WRITE (WRITEID,BOARDID,USERID,PARENTID,TITLE,WRITECONTENT,WRITEDATE,WRITEUSEYN,GROUPSEQ) values (62,2,'brown',null,'aa첫번째 글','aa첫번째 글입니다',to_date('19/06/10','RR/MM/DD'),'사용',null);
Insert into PC09_TEST.BOARD_WRITE (WRITEID,BOARDID,USERID,PARENTID,TITLE,WRITECONTENT,WRITEDATE,WRITEUSEYN,GROUPSEQ) values (63,2,'brown',null,'aa두번째 글','aa두번째 글입니다',to_date('19/06/10','RR/MM/DD'),'미사용',null);
Insert into PC09_TEST.BOARD_WRITE (WRITEID,BOARDID,USERID,PARENTID,TITLE,WRITECONTENT,WRITEDATE,WRITEUSEYN,GROUPSEQ) values (64,2,'brown',null,'aa세번째 글','aa세번째 글입니다',to_date('19/06/10','RR/MM/DD'),'사용',6);
Insert into PC09_TEST.BOARD_WRITE (WRITEID,BOARDID,USERID,PARENTID,TITLE,WRITECONTENT,WRITEDATE,WRITEUSEYN,GROUPSEQ) values (65,2,'brown',null,'aa네번째 글','aa네번째 글입니다',to_date('19/06/10','RR/MM/DD'),'미사용',null);
Insert into PC09_TEST.BOARD_WRITE (WRITEID,BOARDID,USERID,PARENTID,TITLE,WRITECONTENT,WRITEDATE,WRITEUSEYN,GROUPSEQ) values (66,2,'brown',null,'aa다섯번째 글','aa다섯번째 글입니다',to_date('19/06/10','RR/MM/DD'),'미사용',null);
Insert into PC09_TEST.BOARD_WRITE (WRITEID,BOARDID,USERID,PARENTID,TITLE,WRITECONTENT,WRITEDATE,WRITEUSEYN,GROUPSEQ) values (67,2,'brown',null,'aa여섯번째 글','aa여섯번째 글입니다',to_date('19/06/10','RR/MM/DD'),'미사용',null);
Insert into PC09_TEST.BOARD_WRITE (WRITEID,BOARDID,USERID,PARENTID,TITLE,WRITECONTENT,WRITEDATE,WRITEUSEYN,GROUPSEQ) values (68,2,'brown',null,'aa일곱번째 글','aa일곱번째 글입니다',to_date('19/06/10','RR/MM/DD'),'미사용',null);
Insert into PC09_TEST.BOARD_WRITE (WRITEID,BOARDID,USERID,PARENTID,TITLE,WRITECONTENT,WRITEDATE,WRITEUSEYN,GROUPSEQ) values (69,2,'brown',null,'aa여덟번째 글','aa여덟번째 글입니다',to_date('19/06/10','RR/MM/DD'),'사용',null);
Insert into PC09_TEST.BOARD_WRITE (WRITEID,BOARDID,USERID,PARENTID,TITLE,WRITECONTENT,WRITEDATE,WRITEUSEYN,GROUPSEQ) values (70,2,'brown',null,'aa아홉번째 글','aa아홉번째 글입니다',to_date('19/06/10','RR/MM/DD'),'사용',null);
Insert into PC09_TEST.BOARD_WRITE (WRITEID,BOARDID,USERID,PARENTID,TITLE,WRITECONTENT,WRITEDATE,WRITEUSEYN,GROUPSEQ) values (71,2,'brown',null,'aa열번째 글','aa열번째 글입니다',to_date('19/06/10','RR/MM/DD'),'사용',null);
Insert into PC09_TEST.BOARD_WRITE (WRITEID,BOARDID,USERID,PARENTID,TITLE,WRITECONTENT,WRITEDATE,WRITEUSEYN,GROUPSEQ) values (72,2,'brown',null,'aa열한번째 글','aa열한번째 글입니다',to_date('19/06/10','RR/MM/DD'),'사용',null);
Insert into PC09_TEST.BOARD_WRITE (WRITEID,BOARDID,USERID,PARENTID,TITLE,WRITECONTENT,WRITEDATE,WRITEUSEYN,GROUPSEQ) values (73,2,'brown',null,'aa열두번째 글','aa열두번째 글입니다',to_date('19/06/10','RR/MM/DD'),'사용',null);
Insert into PC09_TEST.BOARD_WRITE (WRITEID,BOARDID,USERID,PARENTID,TITLE,WRITECONTENT,WRITEDATE,WRITEUSEYN,GROUPSEQ) values (74,2,'brown',null,'aa열세번째 글','aa열세번째 글입니다',to_date('19/06/10','RR/MM/DD'),'사용',null);
Insert into PC09_TEST.BOARD_WRITE (WRITEID,BOARDID,USERID,PARENTID,TITLE,WRITECONTENT,WRITEDATE,WRITEUSEYN,GROUPSEQ) values (75,2,'brown',null,'aa열네번째 글','aa열네번째 글입니다',to_date('19/06/10','RR/MM/DD'),'사용',null);
Insert into PC09_TEST.BOARD_WRITE (WRITEID,BOARDID,USERID,PARENTID,TITLE,WRITECONTENT,WRITEDATE,WRITEUSEYN,GROUPSEQ) values (76,2,'brown',null,'aa열다섯번째 글','aa열다섯번째 글입니다',to_date('19/06/10','RR/MM/DD'),'사용',null);
Insert into PC09_TEST.BOARD_WRITE (WRITEID,BOARDID,USERID,PARENTID,TITLE,WRITECONTENT,WRITEDATE,WRITEUSEYN,GROUPSEQ) values (77,2,'brown',null,'aa열여섯번째 글','aa열여섯번째 글입니다',to_date('19/06/10','RR/MM/DD'),'사용',null);
Insert into PC09_TEST.BOARD_WRITE (WRITEID,BOARDID,USERID,PARENTID,TITLE,WRITECONTENT,WRITEDATE,WRITEUSEYN,GROUPSEQ) values (78,2,'brown',null,'aa열일곱번째 글','aa열일곱번째 글입니다',to_date('19/06/10','RR/MM/DD'),'미사용',null);
Insert into PC09_TEST.BOARD_WRITE (WRITEID,BOARDID,USERID,PARENTID,TITLE,WRITECONTENT,WRITEDATE,WRITEUSEYN,GROUPSEQ) values (79,2,'brown',null,'aa열여덟번째 글','aa열여덟번째 글입니다',to_date('19/06/10','RR/MM/DD'),'사용',22);
Insert into PC09_TEST.BOARD_WRITE (WRITEID,BOARDID,USERID,PARENTID,TITLE,WRITECONTENT,WRITEDATE,WRITEUSEYN,GROUPSEQ) values (80,2,'brown',null,'aa열아홉번째 글','aa열아홉번째 글입니다',to_date('19/06/10','RR/MM/DD'),'사용',null);
Insert into PC09_TEST.BOARD_WRITE (WRITEID,BOARDID,USERID,PARENTID,TITLE,WRITECONTENT,WRITEDATE,WRITEUSEYN,GROUPSEQ) values (81,2,'brown',null,'aa스무번째 글','aa스무번째 글입니다',to_date('19/06/10','RR/MM/DD'),'사용',null);
Insert into PC09_TEST.BOARD_WRITE (WRITEID,BOARDID,USERID,PARENTID,TITLE,WRITECONTENT,WRITEDATE,WRITEUSEYN,GROUPSEQ) values (82,2,'brown',null,'aa스물한번째 글','aa스물한번째 글입니다',to_date('19/06/10','RR/MM/DD'),'사용',null);
Insert into PC09_TEST.BOARD_WRITE (WRITEID,BOARDID,USERID,PARENTID,TITLE,WRITECONTENT,WRITEDATE,WRITEUSEYN,GROUPSEQ) values (98,1,'brown',null,'동그랑댕','동그랑땡 맛나요',to_date('19/06/12','RR/MM/DD'),'사용',0);
Insert into PC09_TEST.BOARD_WRITE (WRITEID,BOARDID,USERID,PARENTID,TITLE,WRITECONTENT,WRITEDATE,WRITEUSEYN,GROUPSEQ) values (121,41,'brown',null,'방가방가','<p>방가구리리리</p>',to_date('19/06/11','RR/MM/DD'),'사용',21);
Insert into PC09_TEST.BOARD_WRITE (WRITEID,BOARDID,USERID,PARENTID,TITLE,WRITECONTENT,WRITEDATE,WRITEUSEYN,GROUPSEQ) values (122,41,'brown',121,'방가방가답글','<p>방가방가의 답글이랭</p>',to_date('19/06/11','RR/MM/DD'),'사용',21);
Insert into PC09_TEST.BOARD_WRITE (WRITEID,BOARDID,USERID,PARENTID,TITLE,WRITECONTENT,WRITEDATE,WRITEUSEYN,GROUPSEQ) values (136,1,'brown',null,'dfa','<p>afds</p>',to_date('19/06/11','RR/MM/DD'),'사용',0);
Insert into PC09_TEST.BOARD_WRITE (WRITEID,BOARDID,USERID,PARENTID,TITLE,WRITECONTENT,WRITEDATE,WRITEUSEYN,GROUPSEQ) values (183,1,'brown',null,'제목이다','내용이다',to_date('19/06/18','RR/MM/DD'),'사용',0);
Insert into PC09_TEST.BOARD_WRITE (WRITEID,BOARDID,USERID,PARENTID,TITLE,WRITECONTENT,WRITEDATE,WRITEUSEYN,GROUPSEQ) values (161,1,'brown',null,'멍멍이좋다요ㅁㅁ','<p>ㅁㅁㅁ</p>',to_date('19/06/12','RR/MM/DD'),'사용',0);
Insert into PC09_TEST.BOARD_WRITE (WRITEID,BOARDID,USERID,PARENTID,TITLE,WRITECONTENT,WRITEDATE,WRITEUSEYN,GROUPSEQ) values (162,1,'brown',null,'되거라','<p><img src="/boardGJ/upload/1d410ce9-bfce-4b3a-9a95-a9aa100caa8a.gif
" title="%EC%88%98%EB%B9%882.gif"><br style="clear:both;">되었느냐</p>',to_date('19/06/12','RR/MM/DD'),'사용',0);
Insert into PC09_TEST.BOARD_WRITE (WRITEID,BOARDID,USERID,PARENTID,TITLE,WRITECONTENT,WRITEDATE,WRITEUSEYN,GROUPSEQ) values (163,1,'brown',null,'새 게시글 등록','<p>등록이 되면 좋겠다</p>',to_date('19/06/12','RR/MM/DD'),'사용',0);
Insert into PC09_TEST.BOARD_WRITE (WRITEID,BOARDID,USERID,PARENTID,TITLE,WRITECONTENT,WRITEDATE,WRITEUSEYN,GROUPSEQ) values (164,1,'brown',null,'동그랑댕','<p>ㅇㅁㄹㄴ</p>',to_date('19/06/12','RR/MM/DD'),'사용',0);
Insert into PC09_TEST.BOARD_WRITE (WRITEID,BOARDID,USERID,PARENTID,TITLE,WRITECONTENT,WRITEDATE,WRITEUSEYN,GROUPSEQ) values (169,574,'brown',null,'두번째 글','<p>두번째글입니다</p>',to_date('19/06/12','RR/MM/DD'),'사용',0);

Insert into PC09_TEST.BOARD11 (BOARDID,USERID,BOARDNAME,BOARDUSEYN,BOARDREGDT) values (574,'brown','생성','사용',to_date('19/06/12','RR/MM/DD'));
Insert into PC09_TEST.BOARD11 (BOARDID,USERID,BOARDNAME,BOARDUSEYN,BOARDREGDT) values (41,'brown','오호라','미사용',to_date('19/06/10','RR/MM/DD'));
Insert into PC09_TEST.BOARD11 (BOARDID,USERID,BOARDNAME,BOARDUSEYN,BOARDREGDT) values (2,'brown','고구마','사용',to_date('19/06/07','RR/MM/DD'));
Insert into PC09_TEST.BOARD11 (BOARDID,USERID,BOARDNAME,BOARDUSEYN,BOARDREGDT) values (580,'brown','생성한것','사용',to_date('19/06/12','RR/MM/DD'));
Insert into PC09_TEST.BOARD11 (BOARDID,USERID,BOARDNAME,BOARDUSEYN,BOARDREGDT) values (581,'brown','하하하','사용',to_date('19/06/12','RR/MM/DD'));
Insert into PC09_TEST.BOARD11 (BOARDID,USERID,BOARDNAME,BOARDUSEYN,BOARDREGDT) values (1,'brown','감자돌이','사용',to_date('19/06/07','RR/MM/DD'));

Insert into PC09_TEST.COMMENTS (COMID,USERID,WRITEID,COMCONTENTS,COMDATE,COMYN) values (3,'brown',99,'????¸?',to_date('19/06/10','RR/MM/DD'),'사용');
Insert into PC09_TEST.COMMENTS (COMID,USERID,WRITEID,COMCONTENTS,COMDATE,COMYN) values (4,'brown',106,'댓글이다',to_date('19/06/10','RR/MM/DD'),'사용');
Insert into PC09_TEST.COMMENTS (COMID,USERID,WRITEID,COMCONTENTS,COMDATE,COMYN) values (5,'brown',107,'댓글이다',to_date('19/06/10','RR/MM/DD'),'사용');
Insert into PC09_TEST.COMMENTS (COMID,USERID,WRITEID,COMCONTENTS,COMDATE,COMYN) values (24,'brown',98,'댓글이다',to_date('19/06/11','RR/MM/DD'),'사용');
Insert into PC09_TEST.COMMENTS (COMID,USERID,WRITEID,COMCONTENTS,COMDATE,COMYN) values (41,'brown',87,'댓글이다',to_date('19/06/12','RR/MM/DD'),'사용');
Insert into PC09_TEST.COMMENTS (COMID,USERID,WRITEID,COMCONTENTS,COMDATE,COMYN) values (45,'brown',131,'as',to_date('19/06/12','RR/MM/DD'),'사용');
Insert into PC09_TEST.COMMENTS (COMID,USERID,WRITEID,COMCONTENTS,COMDATE,COMYN) values (50,'brown',168,'댓글입니다',to_date('19/06/12','RR/MM/DD'),'사용');
Insert into PC09_TEST.COMMENTS (COMID,USERID,WRITEID,COMCONTENTS,COMDATE,COMYN) values (51,'brown',168,'댓글2입니다',to_date('19/06/12','RR/MM/DD'),'사용');
Insert into PC09_TEST.COMMENTS (COMID,USERID,WRITEID,COMCONTENTS,COMDATE,COMYN) values (23,'brown',98,'댓글',to_date('19/06/11','RR/MM/DD'),'미사용');
Insert into PC09_TEST.COMMENTS (COMID,USERID,WRITEID,COMCONTENTS,COMDATE,COMYN) values (25,'brown',87,'댓글을 갖고..',to_date('19/06/11','RR/MM/DD'),'사용');
Insert into PC09_TEST.COMMENTS (COMID,USERID,WRITEID,COMCONTENTS,COMDATE,COMYN) values (42,'brown',130,'댓글이다',to_date('19/06/12','RR/MM/DD'),'사용');
Insert into PC09_TEST.COMMENTS (COMID,USERID,WRITEID,COMCONTENTS,COMDATE,COMYN) values (43,'brown',130,'댓글을 갖고..',to_date('19/06/12','RR/MM/DD'),'사용');
Insert into PC09_TEST.COMMENTS (COMID,USERID,WRITEID,COMCONTENTS,COMDATE,COMYN) values (46,'brown',165,'댓글',to_date('19/06/12','RR/MM/DD'),'사용');
Insert into PC09_TEST.COMMENTS (COMID,USERID,WRITEID,COMCONTENTS,COMDATE,COMYN) values (47,'brown',165,'댓글이다',to_date('19/06/12','RR/MM/DD'),'사용');
Insert into PC09_TEST.COMMENTS (COMID,USERID,WRITEID,COMCONTENTS,COMDATE,COMYN) values (48,'brown',167,'댓글',to_date('19/06/12','RR/MM/DD'),'사용');
Insert into PC09_TEST.COMMENTS (COMID,USERID,WRITEID,COMCONTENTS,COMDATE,COMYN) values (49,'brown',167,'댓글2',to_date('19/06/12','RR/MM/DD'),'미사용');
Insert into PC09_TEST.COMMENTS (COMID,USERID,WRITEID,COMCONTENTS,COMDATE,COMYN) values (52,'brown',171,'댓글1',to_date('19/06/12','RR/MM/DD'),'미사용');
Insert into PC09_TEST.COMMENTS (COMID,USERID,WRITEID,COMCONTENTS,COMDATE,COMYN) values (53,'brown',171,'댓글2',to_date('19/06/12','RR/MM/DD'),'사용');
Insert into PC09_TEST.COMMENTS (COMID,USERID,WRITEID,COMCONTENTS,COMDATE,COMYN) values (62,'brown',2,'반가워용',to_date('19/06/18','RR/MM/DD'),'사용');
Insert into PC09_TEST.COMMENTS (COMID,USERID,WRITEID,COMCONTENTS,COMDATE,COMYN) values (1,'brown',43,'세번째 글의 댓글입니다',to_date('19/06/10','RR/MM/DD'),'미사용');
Insert into PC09_TEST.COMMENTS (COMID,USERID,WRITEID,COMCONTENTS,COMDATE,COMYN) values (2,'brown',43,'세번째 글의 댓댓글입니다',to_date('19/06/10','RR/MM/DD'),'미사용');
Insert into PC09_TEST.COMMENTS (COMID,USERID,WRITEID,COMCONTENTS,COMDATE,COMYN) values (61,'brown',2,'반가워용',to_date('19/06/18','RR/MM/DD'),'사용');
Insert into PC09_TEST.COMMENTS (COMID,USERID,WRITEID,COMCONTENTS,COMDATE,COMYN) values (21,'brown',106,'댓글을 갖고..',to_date('19/06/11','RR/MM/DD'),'미사용');
Insert into PC09_TEST.COMMENTS (COMID,USERID,WRITEID,COMCONTENTS,COMDATE,COMYN) values (22,'brown',87,'댓글',to_date('19/06/11','RR/MM/DD'),'사용');

commit;